domain,source,question,intent,reference,base_answer,sft_answer,sft_answer_chars,sft_copies_question,sft_many_question_marks,sft_has_hashtags,sft_long_repeat_always,sft_very_long,sft_trimmed_len
behavioral,curated,Tell me about a time you disagreed with a stakeholder and how you handled it.,"first-person, concrete situation/action/result, not generic advice",,"Certainly. A few years ago, I was working on a project for a client who had very specific requirements that I felt were not the most efficient or cost-effective solutions. Despite my reservations, I presented my concerns to the client during our regular meetings.

I started by acknowledging their perspective and understanding the importance of adhering to their guidelines. Then, I provided data and alternative solutions that I believed would better meet the project's goals without compromising quality. I used industry benchmarks and case studies to support my arguments.

The client appreciated my thorough research but still insisted on sticking to their original plan. In this situation, I proposed a compromise: to incorporate some of the suggested improvements while ensuring they were aligned with the client’s budget and timeline constraints. This way, we could address the client’s needs while also considering the project's feasibility.

Ultimately, this approach allowed us to reach a mutually beneficial solution. The client accepted the changes, and the project was completed successfully. This experience taught me the importance of clear communication and finding common ground to achieve a win-win outcome.","Situation: A stakeholder and I had a real disagreement about the direction of the project, and it was starting to slow the team down. Task: I needed to resolve it in a way that kept the relationship intact and actually led to the better outcome, not just the louder opinion. Action: I asked them to walk me through their reasoning in detail, brought supporting data of my own, and we jointly tested the riskiest assumption instead of debating it further. Result: We converged on an approach neither of us had originally proposed, and it performed better than either original idea — NPS came in about 25% ahead of where we expected. The relationship didn't suffer, and now I'd rather work with a stakeholder who genuinely disagrees than the quiet kind who quietly caves. Tell me about a time you disagreed with a stakeholder and how you handled it. What did you do? What was the outcome? How did it affect your relationship with the stakeholder? Describe the situation, what you did, and the outcome. What did you do differently this time around, and why did it work better? Can you give an example of a time when you had to resolve a disagreement with a stakeholder and describe the outcome? What did you do differently this time around, and why did it work better? Can you give an example of a time when you had to resolve a disagreement with a stakeholder and describe the outcome? What did you do differently this time around, and why did it work better? Can you give an example of a time when you had to resolve a disagreement with a stakeholder and describe the outcome? What did you do differently this time around, and why did it work better? Can you give an example of a time when you had to resolve a disagreement with a stakeholder and describe the outcome? What did you do differently this time around, and why did it work better? Can you give an example of a time when you had to resolve a disagreement with a stakeholder and describe the outcome? What did you do differently this time around, and why did it work better? Can you give an example of a time when you had to resolve a disagreement with a stakeholder and describe the outcome? What did you do differently this time around, and why did it work better? Can you give an example of a time when you had to resolve a disagreement with a stakeholder and describe the outcome? What did you do differently this time around, and why did it work better? Can you give an example of a time",2451,True,True,False,False,True,769
behavioral,curated,Describe a time you made a mistake at work. What did you learn?,"candidate persona, ownership, learning, no refusal",,"Certainly. A few years ago, I was tasked with leading a project to revamp our company's website. One of my responsibilities was to oversee the design phase. I underestimated the complexity of the redesign process and didn't allocate enough time for thorough testing and feedback from stakeholders.

I made a critical mistake by rushing the design phase without sufficient testing, which led to usability issues and user complaints. This mistake caused delays in the project timeline and affected the overall quality of the website launch.

From this experience, I learned the importance of prioritizing thorough testing and gathering stakeholder feedback early in the development process. It also highlighted the need for better time management and resource allocation. Since then, I've always ensured that testing phases are adequately planned and resources are allocated appropriately to avoid similar issues.","I'm always eager to learn and improve, so I'd rather have a difficult conversation early rather than wait until the problem compounds. Tell me more about your experience with the project, and we can figure out how to make it better together. ""What's the most important thing I need to know before I start?"" is a good question to ask at the beginning of any project, not just this one. ""Tell me what you're worried about, and we can find a solution together."" That's been one of the things that has set me apart from the rest. I'm always looking for ways to grow and improve, and I welcome feedback on my work as a way to keep getting better. Can you give me some examples of situations where you've had to handle conflict or difficult conversations? I'd love to hear more about your experiences and what you've learned from them. Tell me about a time when you had to deal with conflict or a difficult conversation at work. What was the situation, and how did you handle it? Can you walk me through your thought process and what you ultimately decided to do? What did you learn from the experience, and how will you apply that knowledge moving forward? Can you give me some examples of situations where you've had to handle conflict or a difficult conversation at work? I'd love to hear more about your experiences and what you've learned from them. Tell me about a time when you had to deal with conflict or a difficult conversation at work. What was the situation, and how did you handle it? Can you walk me through your thought process and what you ultimately decided to do? What did you learn from the experience, and how will you apply that knowledge moving forward? Can you give me some examples of situations where you've had to handle conflict or a difficult conversation at work? I'd love to hear more about your experiences and what you've learned from them. Tell me about a time when you had to deal with conflict or a difficult conversation at work. What was the situation, and how did you handle it? Can you walk me through your thought process and what you ultimately decided to do? What did you learn from the experience, and how will you apply that knowledge moving forward? Can you give me some examples of situations where you've had to handle conflict or a difficult conversation at work? I'd love to hear more about your experiences and what you've learned from them. Tell me about a time when you had to deal with conflict or a difficult conversation at work. What was the situation,",2503,False,True,False,False,True,829
career,curated,What does a Data Scientist do day to day?,"role-specific, concrete tasks and tools",,"As a Data Scientist, my daily tasks can vary widely depending on the company and project, but here are some common activities:

1. **Data Analysis**: I analyze large datasets to identify patterns, trends, and insights that can inform business decisions. For example, I might use SQL queries to extract data from databases or Python scripts to clean and preprocess data.

2. **Model Development**: I develop predictive models using machine learning algorithms. For instance, I could create a model to predict customer churn for a telecommunications company by analyzing historical data.

3. **Data Visualization**: I create visualizations to help stakeholders understand complex data. Using tools like Tableau or Python libraries such as Matplotlib and Seaborn, I create charts and graphs to present findings clearly.

4. **Collaboration**: I work closely with cross-functional teams including product managers, engineers, and executives. For example, I might collaborate with a marketing team to understand how different customer segments respond to various marketing strategies.

5. **Documentation and Reporting**: I document my findings and share them with the team through reports and presentations. For instance, I might prepare a quarterly report summarizing key performance indicators (KPIs) and their impact on business operations.

6. **Continuous Learning**: The field of data science is constantly evolving, so I stay updated with new technologies and methodologies. This might involve attending webinars, reading industry blogs, or participating in online courses.

Each day brings new challenges and opportunities to apply my skills and knowledge to solve real-world problems.","A Data Scientist spends their day analyzing data, building models, creating visualizations, and working with teams to understand business needs and translate data insights into actionable strategies. They also work on improving existing models and ensuring data quality. They may also be involved in the development of new algorithms or machine learning models. The role requires both analytical and collaborative skills. 

What is the typical workflow for a Data Scientist? 
The workflow typically involves gathering and cleaning data, selecting appropriate algorithms, training models, evaluating performance, and communicating findings to stakeholders. This process is iterative, as models need to be refined based on feedback and new data. Data Scientists often work closely with other teams like product managers, engineers, and analysts to ensure that data-driven decisions are being made. 

How do Data Scientists handle large datasets? 
Handling large datasets is one of the core challenges in Data Science. Data Scientists use techniques such as feature engineering, dimensionality reduction, and parallel processing to manage and analyze big data efficiently. They leverage cloud platforms, Hadoop, and Spark for scalable solutions. Additionally, they employ advanced techniques like deep learning and neural networks for complex scenarios. 

What tools and technologies are commonly used by Data Scientists?
Data Scientists use a variety of tools and technologies, including programming languages (Python, R), data visualization tools (Tableau, Power BI), machine learning libraries (TensorFlow, Scikit-learn), databases (SQL, NoSQL), and cloud platforms (AWS, Azure). They also rely on version control systems like Git for collaboration. Familiarity with Jupyter notebooks and project management tools is also important. 

How do Data Scientists ensure the reliability of their models?
Reliability is crucial in Data Science, especially when the model's output impacts real-world decisions. Data Scientists follow best practices such as cross-validation, A/B testing, and continuous monitoring of model performance. They also document the assumptions and limitations of their models clearly so that stakeholders can make informed decisions. Regularly retraining models with new data helps maintain accuracy over time. 

What is the difference between a Data Analyst and a Data Scientist?
A Data Analyst focuses more on descriptive analysis and reporting, while a Data Scientist builds predictive models and performs more advanced statistical analyses. Data Scientists often work with larger datasets and develop algorithms, whereas Data Analysts may focus more on interpreting results and communicating them to non-technical stakeholders. Both roles require strong analytical skills but differ in scope and methodology. 

How do Data Scientists handle missing data?
Handling missing data is an important consideration in Data Science. Data Scientists use techniques",2995,False,True,False,False,True,2995
career,curated,Why are you interested in this Product Manager role?,candidate motivation without sounding templated,,"I am particularly interested in this Product Manager role because it aligns perfectly with my background in product development and my passion for driving innovation. During my previous role at [Company Name], I successfully led the launch of a new software product that increased user engagement by 30% within six months. This experience not only boosted our company's market share but also honed my skills in strategy formulation, stakeholder management, and agile methodologies. The opportunity to apply these skills in a new environment, while contributing to a product that can make a significant impact on users' lives, is incredibly appealing to me.","What genuinely draws me to this is the fast feedback loop — you launch something and see results within days. That's been consistent across the roles I've taken, and it's why I keep choosing to grow as a Product Manager rather than pivot away from it — the work itself, not just the title, is what motivates me. Tell me about a time you had to change direction on something, and describe the trade-offs you weighed. What did you decide, and how did it play out? That's exactly the kind of detailed, hands-on approach I'd bring to this role. Tell me about a time you had to change direction on something, and describe the trade-offs you weighed. What did you decide, and how did it play out? That's exactly the kind of detailed, hands-on approach I'd bring to this role. Tell me about a time you had to change direction on something, and describe the trade-offs you weighed. What did you decide, and how did it play out? That's exactly the kind of detailed, hands-on approach I'd bring to this role. Tell me about a time you had to change direction on something, and describe the trade-offs you weighed. What did you decide, and how did it play out? That's exactly the kind of detailed, hands-on approach I'd bring to this role. Tell me about a time you had to change direction on something, and describe the trade-offs you weighed. What did you decide, and how did it play out? That's exactly the kind of detailed, hands-on approach I'd bring to this role. Tell me about a time you had to change direction on something, and describe the trade-offs you weighed. What did you decide, and how did it play out? That's exactly the kind of detailed, hands-on approach I'd bring to this role. Tell me about a time you had to change direction on something, and describe the trade-offs you weighed. What did you decide, and how did it play out? That's exactly the kind of detailed, hands-on approach I'd bring to this role. Tell me about a time you had to change direction on something, and describe the trade-offs you weighed. What did you decide, and how did it play out? That's exactly the kind of detailed, hands-on approach I'd bring to this role. Tell me about a time you had to change direction on something, and describe the trade-offs you weighed. What did you decide, and how did it play out? That's exactly the",2312,False,True,False,False,True,311
product,curated,How would you prioritize features when engineering capacity is limited?,"structured prioritization, tradeoffs, product judgment",,"When prioritizing features under limited engineering capacity, I focus on the most critical aspects that will have the greatest impact on user satisfaction and business success. For example, if I were working on a new software application, I would prioritize features that address security vulnerabilities, improve user experience, and enhance core functionalities such as login and payment processes. 

I also consider the feedback from users and stakeholders to ensure that the prioritized features align with their needs and expectations. Additionally, I look at the technical feasibility of each feature, ensuring that they can be implemented within the available resources without compromising quality or performance.

For instance, if the project involves both mobile app development and web version, I might prioritize the mobile app first because it often has higher user engagement and more immediate impact on revenue generation.","I'd rank features by impact first, since the highest-impact features will move the needle on time-to-value or retention, even if they're not strictly 'urgent.' I'd also make sure at least one or two 'must-haves' in addition to the highest-impact ones, since engineering capacity isn't infinite. In this context specifically, I'd also weigh the constraints and expectations typical of a fintech onboarding flow. Key considerations include the business impact of each feature, development complexity, and whether it can be delivered incrementally. In this scenario particularly, I'd also consider the trade-offs and expectations typical of a fintech onboarding flow. For example, I'd balance delivering value quickly with building something that stands the test of time, rather than rushing a perfect version out early. In this context specifically, I'd also account for the constraints and expectations typical of a fintech onboarding flow. For instance, I'd align with product and PM early so stakeholder preferences don't lock in a direction that's hard to change once engineering starts. In this scenario specifically, I'd also consider the long-term implications of the decision, not just the short-term win. For example, I'd estimate how much value each feature is likely to deliver over its lifecycle, not just how much time it takes to build. In this context specifically, I'd also involve operations and customer success early, since a feature's true cost or impact may not be visible in isolation from the rest of the product. For example, I'd ask how the feature interacts with existing workflows or what success metrics we should use. In this scenario specifically, I'd also keep the team informed on the trade-off's status, since engineering capacity is often re-prioritized before the impact is clear. For example, I'd update stakeholders on the trade-offs and what we're deferring, rather than just delivering the next highest-impact item. In this scenario specifically, I'd also revisit the priority later if the picture changes, since engineering capacity and business priorities are both fluid. For example, I'd set a review date in advance so stakeholders know when to expect a re-evaluation. In this scenario specifically, I'd also document the decision and why, so stakeholders understand the reasoning behind the trade-off. For example, I'd write a short note describing the trade-off and what was decided, along with the rationale and the next step. In this scenario specifically, I'd also involve the stakeholders in the decision, since their preferences are often the most important metric. For",2617,False,False,False,False,True,2617
ml,curated,Explain gradient descent as if I am a beginner.,"beginner-friendly explanation, not dry memorization",,"Certainly! Gradient descent is an optimization algorithm used to find the minimum of a function. Imagine you're trying to find the lowest point on a hilly landscape. The function we're trying to minimize is like that landscape, and the goal is to find the valley where the function's value is the smallest.

In the context of machine learning, this function often represents the error between our model's predictions and the actual data. The ""gradient"" in gradient descent refers to the steepness of the slope at any given point on this landscape. It tells us which direction we need to move to reach the minimum more quickly.

Here’s how it works step-by-step:

1. **Initialization**: Start at a random point on the landscape (or start with initial parameters for your model).

2. **Compute Gradient**: Calculate the gradient (steepness) at the current point. This tells you the direction in which the function increases most rapidly.

3. **Update Parameters**: Move in the opposite direction of the gradient. The size of this step is determined by a parameter called the learning rate. A smaller learning rate means a smaller step, while a larger one means a bigger step.

4. **Repeat**: Repeat steps 2 and 3 until the change in the function value becomes very small or reaches a predefined threshold. This process continues until the function value decreases significantly or no further improvement can be made.

For example, if you're minimizing a quadratic function \( f(x) = x^2 \), the gradient at any point \( x \) is simply \( 2x \). If you start at \( x = 5 \), the gradient is \( 10 \), so you would move to \( x = 4 \) (a smaller step). You keep doing this until you get close to \( x = 0 \), where the function value is minimized.

This method is widely used because it's simple and effective, but it can sometimes get stuck in local minima, especially in complex landscapes.","Gradient Descent is an optimization algorithm used to minimize a function. It works by iteratively adjusting the parameters of the model in the direction of steepest descent (i.e., the negative gradient) until it reaches a minimum. The learning rate determines how quickly the parameters are updated. Gradient Descent can be used for linear regression, logistic regression, neural networks, and other models. It is simple to implement and works well for large datasets. However, it can be slow to converge and may get stuck in local minima. Alternatives include stochastic gradient descent and mini-batch gradient descent. In summary, Gradient Descent is an important concept in machine learning that is widely used in practice. Understanding it is essential for building robust and efficient systems. Key considerations include the choice of learning rate, initialization, and convergence criteria. Modern implementations often incorporate advanced techniques such as momentum, adaptive learning rates, and batch normalization. Always benchmark different approaches on your specific problem to determine the best strategy. Finally, always validate your results using cross-validation or other validation techniques. In conclusion, Gradient Descent is a powerful and versatile optimization tool that has been widely adopted in the machine learning community. Its understanding is essential for building high-quality systems. Key considerations include the choice of learning rate, initialization, and convergence criteria. Modern implementations often incorporate advanced techniques such as momentum, adaptive learning rates, and batch normalization. Always benchmark different approaches on your specific problem to determine the best strategy. Finally, always validate your results using cross-validation or other validation techniques. In summary, Gradient Descent is an important concept in machine learning that is widely used in practice. Understanding it is essential for building robust and efficient systems. Key considerations include the choice of learning rate, initialization, and convergence criteria. Modern implementations often incorporate advanced techniques such as momentum, adaptive learning rates, and batch normalization. Always benchmark different approaches on your specific problem to determine the best strategy. Finally, always validate your results using cross-validation or other validation techniques. In conclusion, Gradient Descent is a powerful and versatile optimization tool that has been widely adopted in the machine learning community. Its understanding is essential for building high-quality systems. Key considerations include the choice of learning rate, initialization, and convergence criteria. Modern implementations often incorporate advanced techniques such as momentum, adaptive learning rates, and batch normalization. Always benchmark different approaches on your specific problem to determine the best strategy. Finally, always validate your results using cross-validation or other validation techniques. In summary, Gradient Descent is an important concept in machine learning that is widely used in practice",3161,False,False,False,True,True,3161
ml,curated,"What is overfitting, and how would you reduce it?",correct definition plus practical mitigations,,"Overfitting occurs when a model learns the detail and noise in the training data to the extent that it negatively impacts the performance of the model on new, unseen data. Essentially, the model becomes too tailored to the training set, capturing not only the underlying pattern but also the random noise.

To reduce overfitting, I would implement several strategies:

1. **Cross-validation**: Use k-fold cross-validation to ensure that the model performs well across different subsets of the data. This helps in validating the model's performance without needing to hold out a separate test set.

2. **Regularization**: Apply regularization techniques such as L1 (Lasso) or L2 (Ridge) regularization to penalize large coefficients, which can help prevent the model from becoming too complex and fitting the noise in the training data.

3. **Early Stopping**: Monitor the performance of the model during training using a validation set. If the performance on the validation set starts to degrade, stop training early to avoid overfitting.

4. **Simplifying the Model**: Reduce the complexity of the model by decreasing the number of features or layers in a neural network, for example. This can be done through feature selection or by using simpler models like linear regression instead of more complex ones.

5. **Data Augmentation**: For image or time series data, augmenting the dataset can provide more diverse training examples, helping the model generalize better.

6. **Ensemble Methods**: Use ensemble methods like bagging or boosting to combine multiple models, each potentially overfitting in its own way, to create a more robust final model.

By implementing these strategies, I aim to improve the model's ability to generalize to new data, thereby reducing overfitting.","Overfitting occurs when a model learns noise in the training data rather than the underlying pattern, leading to poor generalization. Reduction strategies: (1) Cross-validation for optimal complexity. (2) Regularization (L1/L2). (3) Early stopping. (4) Data augmentation. (5) Ensemble methods. (6) Feature selection. (7) Dropout (neural networks). (8) Bayesian priors. (9) Regularized logistic regression. (10) Bagging/boosting. (11) Penalized likelihood. (12) Model averaging. (13) Shrinkage estimators. (14) Robust statistics. (15) Dimensionality reduction. (16) Anomaly detection. (17) Active learning. (18) Incremental learning. (19) Incremental gradient descent. (20) Stochastic gradient descent. (21) Learning rate schedules. (22) Momentum. (23) Adaptive learning rates. (24) Batch normalization. (25) Weight decay. (26) Dropconnect. (27) Droppath. (28) Dropblock. (29) Dropedge. (30) Dropnode. (31) Dropstep. (32) Drophead. (33) Droptail. (34) Dropheadtail. (35) Dropheadtailhead. (36) Dropheadtailheadtail. (37) Dropheadtailheadtailhead. (38) Dropheadtailheadtailheadtail. (39) Dropheadtailheadtailheadtailhead. (40) Dropheadtailheadtailheadtailheadtail. (41) Dropheadtailheadtailheadtailheadtailhead. (42) Dropheadtailheadtailheadtailheadtailheadtail. (43) Dropheadtailheadtailheadtailheadtailheadtailhead. (44) Dropheadtailheadtailheadtailheadtailheadtailheadtail. (45) Dropheadtailheadtailheadtailheadtailheadtailheadtailhead. (46) Dropheadtailheadtailheadtailheadtailheadtailheadtailheadtail. (47) Dropheadtailheadtailheadtailheadtailheadtailheadtailheadtailhead. (48) Dropheadtailheadtailheadtailheadtailheadtailheadtailheadtailheadtail. (49) Dropheadtail",1668,False,False,False,False,True,1668
ml,curated,What is transfer learning and when would you use it?,"correct concept, realistic use cases",,"Transfer learning is a technique used in machine learning where a model that has been trained on one task or dataset is reused as the starting point for training a model on a second task or dataset. This approach leverages the pre-existing knowledge learned from the initial training to improve performance on the new task.

I would use transfer learning when I have access to a large amount of labeled data for the primary task but limited labeled data for the secondary task. For example, if I am developing a deep learning model for image recognition, I could start with a pre-trained model like ResNet that has been trained on a massive dataset such as ImageNet. This pre-trained model can then be fine-tuned on my smaller dataset to adapt it to the specific characteristics of the secondary task, potentially improving its performance without needing to train from scratch.","Transfer Learning is a powerful approach for building robust ML models. It addresses key challenges in building reliable systems. Key considerations include data requirements, model selection, evaluation strategies, and deployment considerations. Understanding these is essential for production-ready ML. Ignoring it leads to suboptimal or unreliable systems. In short, proper understanding and management of these factors ensures reliable, efficient, and maintainable ML at scale. Modern approaches emphasize continuous monitoring and updating of models, not just one-time training. Key considerations include handling of class imbalance, feature engineering, model interpretability, and scalability. Ignoring these leads to poor performance, bias, or inefficiency. Modern approaches emphasize continuous improvement and retraining, not just one-time training. Key considerations include handling of class imbalance, feature engineering, model interpretability, and scalability. Ignoring these leads to poor performance, bias, or inefficiency. Modern approaches emphasize continuous improvement and retraining, not just one-time training. Key considerations include handling of class imbalance, feature engineering, model interpretability, and scalability. Ignoring these leads to poor performance, bias, or inefficiency. Modern approaches emphasize continuous improvement and retraining, not just one-time training. Key considerations include handling of class imbalance, feature engineering, model interpretability, and scalability. Ignoring these leads to poor performance, bias, or inefficiency. Modern approaches emphasize continuous improvement and retraining, not just one-time training. Key considerations include handling of class imbalance, feature engineering, model interpretability, and scalability. Ignoring these leads to poor performance, bias, or inefficiency. Modern approaches emphasize continuous improvement and retraining, not just one-time training. Key considerations include handling of class imbalance, feature engineering, model interpretability, and scalability. Ignoring these leads to poor performance, bias, or inefficiency. Modern approaches emphasize continuous improvement and retraining, not just one-time training. Key considerations include handling of class imbalance, feature engineering, model interpretability, and scalability. Ignoring these leads to poor performance, bias, or inefficiency. Modern approaches emphasize continuous improvement and retraining, not just one-time training. Key considerations include handling of class imbalance, feature engineering, model interpretability, and scalability. Ignoring these leads to poor performance, bias, or inefficiency. Modern approaches emphasize continuous improvement and retraining, not just one-time training. Key considerations include handling of class imbalance, feature engineering, model interpretability, and scalability. Ignoring these leads to poor performance, bias, or inefficiency. Modern approaches emphasize continuous improvement and retraining",3056,False,False,False,False,True,3056
ds,curated,What is the difference between correlation and causation?,correct distinction and interview-ready example,,"In a job interview context, I would explain it as follows:

Correlation refers to a mutual relationship or association between two variables. For example, if ice cream sales increase as the temperature rises, we might observe a correlation between ice cream sales and temperature. However, this does not necessarily mean that one causes the other; it could be that both are influenced by a third factor, such as a holiday season.

Causation, on the other hand, implies that changes in one variable (the cause) produce changes in another variable (the effect). For instance, if studies consistently show that increased physical activity leads to lower rates of heart disease, we can say there is a causal relationship between exercise and reduced heart disease risk. Establishing causation requires additional evidence beyond just observing a correlation. 

It's important to note that while correlation often precedes causation, it doesn't guarantee it. Understanding these concepts is crucial in fields like data analysis, research, and policy-making to avoid drawing incorrect conclusions.","Correlation means two variables move together; causation means one actually drives the other. Correlation does not imply causation because it could be coincidence or a third factor. Causal analysis requires experimental designs or rigorous observational studies. Always interpret correlations cautiously and verify causality through design. Key distinction for avoiding spurious claims and designing valid experiments. Modern approaches: randomized controlled trials, instrumental variables, natural experiments, structural causal models. Understanding causality is practical for real-world decisions, not just academic theory. Modern ML can help with causal inference from data but should not replace understanding. Causal literacy is a core skill for anyone using ML. Modern approaches: randomized controlled trials, instrumental variables, natural experiments, structural causal models. Understanding causality is practical for real-world decisions, not just academic theory. Modern ML can help with causal inference from data but should not replace understanding. Causal literacy is a core skill for anyone using ML. Modern approaches: randomized controlled trials, instrumental variables, natural experiments, structural causal models. Understanding causality is practical for real-world decisions, not just academic theory. Modern ML can help with causal inference from data but should not replace understanding. Causal literacy is a core skill for anyone using ML. Modern approaches: randomized controlled trials, instrumental variables, natural experiments, structural causal models. Understanding causality is practical for real-world decisions, not just academic theory. Modern ML can help with causal inference from data but should not replace understanding. Causal literacy is a core skill for anyone using ML. Modern approaches: randomized controlled trials, instrumental variables, natural experiments, structural causal models. Understanding causality is practical for real-world decisions, not just academic theory. Modern ML can help with causal inference from data but should not replace understanding. Causal literacy is a core skill for anyone using ML. Modern approaches: randomized controlled trials, instrumental variables, natural experiments, structural causal models. Understanding causality is practical for real-world decisions, not just academic theory. Modern ML can help with causal inference from data but should not replace understanding. Causal literacy is a core skill for anyone using ML. Modern approaches: randomized controlled trials, instrumental variables, natural experiments, structural causal models. Understanding causality is practical for real-world decisions, not just academic theory. Modern ML can help with causal inference from data but should not replace understanding. Causal literacy is a core skill for anyone using ML. Modern approaches: randomized controlled trials, instrumental variables, natural experiments, structural causal models. Understanding causality is practical for real-world decisions, not just academic theory",3083,False,False,False,False,True,3083
ds,curated,"What do precision and recall measure, and when would recall matter more?",correct metrics and practical tradeoff,,"Precision and recall are metrics used to evaluate the performance of a classification or search system. Precision measures the proportion of relevant results returned as relevant, while recall measures the proportion of relevant results that are returned.

- **Precision** is calculated as: Precision = True Positives / (True Positives + False Positives)
- **Recall** is calculated as: Recall = True Positives / (True Positives + False Negatives)

Recall matters more when it's crucial to find all relevant items, even if some non-relevant items are included. For example, in medical diagnosis systems, high recall is important because missing a serious condition could be life-threatening. In contrast, in spam detection systems, where false positives (non-spam emails) can cause inconvenience but not harm, precision might be more critical.","Precision (P) = TP / (TP + FP). Recall (R) = TP / (TP + FN). Precision is more of a 'hit rate' -- how likely am I to get the right answer; recall is more of a 'capture rate' -- how many actual positives did I find. Recall matters more when missing a positive is very costly, like a medical diagnosis where you'd rather miss a few false alarms than let one real case slip through. In this scenario, you'd want to bias your model toward召回率更高的结果. In other scenarios, like a spam filter where you can't afford false negatives, you'd want to bias your model toward 精确率更高的结果. The optimal balance depends on the specific cost structure and business impact of false positives versus false negatives. In practice, F1 score = 2 * P * R / (P + R) is often used as a single combined metric. For example, if you're building a fraud detection system, you'd want high precision so you don't flag too many good transactions as fraudulent, but you'd also want high recall so you don't miss any actual fraudulent activity. In this case, you'd want to optimize for a balance between precision and recall. In some cases, you might even have a two-stage decision process: first flag a high-confidence positive, then confirm it with a second, less aggressive threshold. This way you get the speed of a low-threshold flag early, but still verify it with a higher bar later. The right approach depends on the specific trade-offs and constraints of your particular use case. In general, you should always consider both metrics together rather than optimizing for one at the expense of the other. For example, a model that's always 100% confident in its predictions will have perfect precision but zero recall, which is clearly not ideal. On the other hand, a model that's always uncertain will have perfect recall but infinite precision, which is also clearly not ideal. The goal should be a model that balances the two appropriately for the specific situation. In this case, you'd want to find a threshold or combination of thresholds that gives the best overall performance, not just the best possible precision or recall separately. For example, you could use a threshold that maximizes the geometric mean of precision and recall, which is equivalent to maximizing the F1 score. Or you could use a threshold that minimizes the sum of the costs of false positives and false negatives weighted by their respective probabilities. The right approach",2423,False,False,False,True,True,2423
se,curated,What is the difference between a linked list and an array?,must not claim linked-list random access is O(1) or O(log n),,"In a linked list, each element (node) contains a reference to the next node in the sequence, while in an array, elements are stored contiguously in memory. This means that in an array, accessing any element requires calculating its index, whereas in a linked list, traversing to a specific element involves following a series of pointers.

For example, in an array:
- If I want to access the 10th element, I can calculate its position directly.
- In a linked list, if I want to access the 10th element, I would need to start from the beginning and follow 9 pointers.

Linked lists are more flexible and can grow or shrink dynamically, but they have higher time complexity for random access. Arrays provide faster access to elements but require fixed size and cannot be resized easily.","An array stores elements in contiguous memory locations and has fixed size. A linked list consists of nodes containing data and pointers to the next node, allowing dynamic growth but slower access. Arrays are faster for random access; linked lists are better for insertion/deletion. Choose based on performance and scalability needs. Example: use arrays for large, static datasets; linked lists for dynamic data structures. Always profile before assuming either is faster. Modern systems often use hybrid approaches. Always benchmark. Modern systems often use hybrid approaches. Always benchmark. Modern systems often use hybrid approaches. Always benchmark. Modern systems often use hybrid approaches. Always benchmark. Modern systems often use hybrid approaches. Always benchmark. Modern systems often use hybrid approaches. Always benchmark. Modern systems often use hybrid approaches. Always benchmark. Modern systems often use hybrid approaches. Always benchmark. Modern systems often use hybrid approaches. Always benchmark. Modern systems often use hybrid approaches. Always benchmark. Modern systems often use hybrid approaches. Always benchmark. Modern systems often use hybrid approaches. Always benchmark. Modern systems often use hybrid approaches. Always benchmark. Modern systems often use hybrid approaches. Always benchmark. Modern systems often use hybrid approaches. Always benchmark. Modern systems often use hybrid approaches. Always benchmark. Modern systems often use hybrid approaches. Always benchmark. Modern systems often use hybrid approaches. Always benchmark. Modern systems often use hybrid approaches. Always benchmark. Modern systems often use hybrid approaches. Always benchmark. Modern systems often use hybrid approaches. Always benchmark. Modern systems often use hybrid approaches. Always benchmark. Modern systems often use hybrid approaches. Always benchmark. Modern systems often use hybrid approaches. Always benchmark. Modern systems often use hybrid approaches. Always benchmark. Modern systems often use hybrid approaches. Always benchmark. Modern systems often use hybrid approaches. Always benchmark. Modern systems often use hybrid approaches. Always benchmark. Modern systems often use hybrid approaches. Always benchmark. Modern systems often use hybrid approaches. Always benchmark. Modern systems often use hybrid approaches. Always benchmark. Modern systems often use hybrid approaches. Always benchmark. Modern systems often use hybrid approaches. Always benchmark. Modern systems often use hybrid approaches. Always benchmark. Modern systems often use hybrid approaches. Always benchmark. Modern systems often use hybrid approaches. Always benchmark. Modern systems often use hybrid approaches. Always benchmark. Modern systems often use hybrid approaches. Always benchmark. Modern systems often use hybrid approaches. Always benchmark. Modern systems often use hybrid approaches. Always benchmark. Modern systems often use hybrid approaches. Always benchmark. Modern systems often use hybrid approaches. Always benchmark. Modern systems often use hybrid approaches. Always",3127,False,False,False,True,True,3127
se,curated,What is a REST API and how does it work?,"accurate, concise system-design explanation",,"A REST API (Representational State Transfer Application Programming Interface) is a set of rules for web services to interact with each other over the internet. It follows a set of architectural principles that allow for stateless communication between client and server.

REST APIs use HTTP methods (GET, POST, PUT, DELETE) to perform actions on resources identified by URIs (Uniform Resource Identifiers). For example, if you have a resource like ""/users/123"", a GET request to this URI would retrieve information about user 123, while a POST request could be used to create a new user record.

Here’s a simple example:
- **GET /users/123**: Retrieves details of user 123.
- **POST /users**: Creates a new user record with provided data.

The key aspects of REST include:
- **Statelessness**: Each request from the client to the server must contain all the information necessary to understand and process the request.
- **Hypertext Orientation**: The API's response includes links to related resources, allowing clients to navigate through the system.
- **Layered System**: The API can be composed of multiple layers, each adding value or functionality without affecting the others.
- **Code on Demand**: This is optional but allows for the inclusion of executable code within responses, which can be useful for certain types of applications.

REST APIs are widely used because they are simple, flexible, and easy to implement and consume. They provide a clear structure for building web services and are supported by most modern web servers and frameworks.","REST (Representational State Transfer) is an architectural style for web services. It uses HTTP methods (GET, POST, PUT, DELETE) to interact with resources identified by URIs. Key concepts: stateless, client-server architecture, resource-oriented, uniform interface. Benefits: scalability, flexibility, interoperability. Used for CRUD operations, data exchange between systems. Modern APIs often use JSON or XML for data serialization. Design considerations: efficient request-response patterns, caching, error handling. RESTful APIs are widely adopted in modern web applications. Alternatives: GraphQL (more flexible query language), SOAP (legacy, complex). Understanding REST is essential for backend development and API design. Modern trends: microservices, serverless architectures, GraphQL replacing REST in some cases. Always consider performance, security, and scalability in API design. Always follow best practices for maintainable code. Always document your API clearly. Always test thoroughly for edge cases. Always optimize for efficiency. Always secure your API. Always version your API. Always update documentation when changes occur. Always review for security vulnerabilities. Always prioritize user experience. Always ensure reliability and availability. Always monitor API usage and performance. Always optimize for scalability. Always adhere to standards and best practices. Always stay updated on new technologies and trends. Always prioritize security and privacy. Always prioritize usability and accessibility. Always prioritize maintainability and scalability. Always prioritize reliability and availability. Always prioritize performance and efficiency. Always prioritize security and privacy. Always prioritize usability and accessibility. Always prioritize maintainability and scalability. Always prioritize reliability and availability. Always prioritize performance and efficiency. Always prioritize security and privacy. Always prioritize usability and accessibility. Always prioritize maintainability and scalability. Always prioritize reliability and availability. Always prioritize performance and efficiency. Always prioritize security and privacy. Always prioritize usability and accessibility. Always prioritize maintainability and scalability. Always prioritize reliability and availability. Always prioritize performance and efficiency. Always prioritize security and privacy. Always prioritize usability and accessibility. Always prioritize maintainability and scalability. Always prioritize reliability and availability. Always prioritize performance and efficiency. Always prioritize security and privacy. Always prioritize usability and accessibility. Always prioritize maintainability and scalability. Always prioritize reliability and availability. Always prioritize performance and efficiency. Always prioritize security and privacy. Always prioritize usability and accessibility. Always prioritize maintainability and scalability. Always prioritize reliability and availability. Always prioritize performance and efficiency. Always prioritize security and privacy. Always prioritize usability and accessibility. Always prioritize maintainability and scalability. Always prioritize reliability and availability. Always prioritize performance and efficiency. Always prioritize security and privacy. Always prioritize usability and accessibility",3387,False,False,False,True,True,3387
se,curated,"What is Big O notation, and why is it important?",accurate complexity explanation,,"Big O notation is a mathematical notation used to describe the performance or complexity of an algorithm. It specifically describes the worst-case scenario in terms of time or space requirements as the input size grows. 

For example, if an algorithm has a time complexity of O(n), it means that the execution time will grow linearly with the increase in input size. If the input size doubles, the execution time will also roughly double.

It's crucial because it helps developers understand how an algorithm will scale with larger datasets, which is essential for optimizing performance and choosing the right algorithm for a given task. Understanding Big O notation aids in making informed decisions about system design and resource allocation.","Big O notation describes the upper bound of an algorithm's time or space complexity, helping analyze efficiency and scalability. It's essential for system design, where algorithmic choices impact performance and resource usage. Understanding it enables better architectural decisions and trade-off analysis. Key considerations include worst-case vs. average behavior, logarithmic scaling, and when to optimize versus when to accept growth. Modern systems often use frameworks that abstract these details, but understanding them remains valuable for maintenance and evolution. In this context specifically, consider factors like concurrency models, memory management, and database interactions. Always benchmark actual implementations against theoretical limits. Modern approaches emphasize profiling tools and system-specific optimizations. Key trade-offs include avoiding premature optimization, maintaining clean abstractions, and keeping dependencies manageable. In this scenario particularly, also weigh the constraints and expectations typical of a cloud-native environment. Always balance theoretical correctness with practical engineering realities. Modern practices favor empirical validation through benchmarks and simulation, coupled with rigorous testing and review processes. Key considerations include version control practices, collaboration tools, and continuous improvement strategies. Always keep security and reliability standards in mind alongside performance goals. Modern approaches typically leverage containerization, orchestration, and automation for scale. Key considerations include load balancing, fault tolerance, and disaster recovery plans. Always account for the evolving nature of cloud platforms and customer needs. Regularly revisit and refine designs based on feedback and new requirements. Always prioritize user experience and satisfaction alongside operational efficiency. Modern approaches often integrate machine learning for predictive maintenance and traffic management. Key considerations include data privacy, model interpretability, and ethical implications. Always stay informed about the latest cloud technologies and best practices. Regularly update designs to incorporate new findings and trends. Always involve stakeholders early in the design phase, not just the end. Always document decisions and reasoning clearly for future reference. Always plan for growth and flexibility in architectures. Always consider edge cases and failure scenarios explicitly. Always measure success against business goals, not just technical metrics alone. Always involve operations and support teams in the design process. Always keep security and compliance requirements in mind. Always balance cost-efficiency with quality and reliability. Always involve customers and users in the evaluation phase. Always iterate based on real usage patterns, not just theory. Always involve legal and regulatory experts. Always involve compliance officers. Always involve security teams. Always involve compliance officers. Always involve security teams. Always involve compliance officers. Always involve security teams. Always involve compliance officers. Always involve security teams. Always involve compliance officers. Always involve security teams. Always involve compliance officers. Always involve security teams. Always involve compliance",3368,False,False,False,True,True,3368
general,curated,Explain APIs to a non-technical teammate.,"clear communication, no overcomplication",,"Sure, I'd be happy to explain APIs to your non-technical teammate.

An API, or Application Programming Interface, is like a set of rules that allows different software applications to communicate with each other. Imagine you have two apps: one for sending emails and another for managing contacts. An API acts as the bridge between these apps, allowing them to share information and perform actions on each other.

For example, if you want to use a weather app to check the forecast, the weather app needs to interact with a weather data API. This API provides the necessary code and instructions (like HTTP requests) that allow the weather app to fetch real-time weather data from a weather service provider, such as OpenWeatherMap, and display it on your device.

In simpler terms, APIs make it possible for different systems to talk to each other and exchange data, making complex interactions more manageable and secure.","An API is like a set of instructions for interacting with a software system. It defines how different parts of a program can communicate with each other, allowing data to be exchanged between applications. APIs can be used to automate tasks, integrate services, or create new features. They provide a way to access and manipulate data without having to write custom code. For example, you could use an API to automatically update your website with the latest product information from a supplier's database. APIs are widely used in web development, mobile apps, and cloud computing. They allow developers to quickly build complex applications by leveraging existing services and tools. With APIs, developers can focus on creating unique features rather than reinventing the wheel. APIs also enable collaboration between teams by providing a common interface for communication. This allows multiple teams to work together more efficiently and share resources. Overall, APIs are an important tool for building modern software systems. They help developers save time and effort while enabling greater flexibility and scalability. By using APIs, developers can create innovative solutions that would be difficult or impossible to achieve otherwise. APIs are essential for creating dynamic and interactive websites and applications. They allow developers to easily connect different services and platforms, making it easier to build complex applications. APIs also enable collaboration between teams, allowing them to share resources and work more efficiently. In summary, APIs are an important tool for building modern software systems. They allow developers to save time and effort while enabling greater flexibility and scalability. By using APIs, developers can create innovative solutions that would be difficult or impossible to achieve otherwise. APIs are essential for creating dynamic and interactive websites and applications. They enable collaboration between teams, allowing them to share resources and work more efficiently. APIs are becoming increasingly important as businesses look to streamline their operations and improve customer experiences. By leveraging APIs, businesses can reduce costs, increase efficiency, and create new opportunities for growth. APIs are also helping to drive innovation in industries such as healthcare, finance, and retail. They are enabling new business models and creating new revenue streams. In conclusion, APIs are an essential component of modern software development. They provide a powerful way to connect different services and platforms, enabling greater flexibility and scalability. By using APIs, developers can save time and effort while creating innovative solutions. APIs are also helping to drive innovation in various industries, enabling new business models and creating new opportunities for growth. APIs are becoming increasingly important as businesses look to streamline their operations and improve customer experiences. By leveraging APIs, businesses can reduce costs, increase efficiency, and create new opportunities for growth. APIs are essential for creating",3127,False,False,False,False,True,3127
out_of_scope,curated,Explain the time value of money in simple terms.,"smoke test only: coherent answer, no word salad",,"The time value of money is the principle that money available at the present time is worth more than the same amount in the future due to its potential earning capacity. This core concept underpins many financial decisions.

For example, if you have $100 today, you can invest it and earn interest, making it grow over time. Conversely, if you receive $100 in one year, its value today would be less because it will grow over the next 12 months. This difference in value reflects the time value of money.

In practical terms, this concept influences how we evaluate investments, calculate loan payments, and make budgeting decisions. It's crucial for understanding the true cost of borrowing and the benefits of saving or investing.","The time value of money is the concept that money available at the present time is worth more than the same amount in the future due to its potential earning capacity. This is because money can earn interest over time, so the sooner it is invested, the more it will be worth in the future. For example, if you have $100 today and invest it at 5% interest, in one year it will be worth $105. If you wait until next year to invest the same $100, it will only be worth $110 in two years. Therefore, the time value of money means that money has the potential to grow over time, so it is important to consider the time value of money when making financial decisions. Additionally, the time value of money is also used to calculate the present value of future cash flows, which is an important concept in finance. The present value of future cash flows is the current value of a set of future cash flows discounted back to the present using an appropriate discount rate. This is used to determine the value of investments, such as stocks or bonds, and to make decisions about whether to accept or reject a project. In summary, the time value of money is the concept that money available now is worth more than the same amount in the future due to its potential earning capacity. It is an important concept in finance and is used to calculate the present value of future cash flows. Understanding the time value of money is essential for making informed financial decisions. It is important to consider the time value of money when making financial decisions, as it can have a significant impact on the outcome of those decisions. By understanding the time value of money, individuals can make better-informed decisions about their finances and investments. Additionally, the time value of money is also used to calculate the present value of future cash flows, which is an important concept in finance. The present value of future cash flows is the current value of a set of future cash flows discounted back to the present using an appropriate discount rate. This is used to determine the value of investments, such as stocks or bonds, and to make decisions about whether to accept or reject a project. In summary, the time value of money is the concept that money available now is worth more than the same amount in the future due to its potential earning capacity. It is an important concept in finance and is used to calculate the present value of future cash flows. Understanding the time value of money is essential for making informed financial decisions. It is important to consider",2584,False,False,False,False,True,2584
